{
  "project_info": {
    "project_number": "38342540231",
    "firebase_url": "https://rutanacho-58f03.firebaseio.com",
    "project_id": "rutanacho-58f03",
    "storage_bucket": "rutanacho-58f03.appspot.com"
  },
  "client": [
    {
      "client_info": {
        "mobilesdk_app_id": "1:38342540231:android:16b88b229769ed9545f7e2",
        "android_client_info": {
          "package_name": "com.example.map"
        }
      },
      "oauth_client": [
        {
          "client_id": "38342540231-tsn22eihbsrdfk2f1bfvbm8qc7voje66.apps.googleusercontent.com",
          "client_type": 3
        }
      ],
      "api_key": [
        {
          "current_key": "AIzaSyBQUFb9b7H-B4izqkXDgUYreXrNOH8A5TA"
        }
      ],
      "services": {
        "appinvite_service": {
          "other_platform_oauth_client": [
            {
              "client_id": "38342540231-tsn22eihbsrdfk2f1bfvbm8qc7voje66.apps.googleusercontent.com",
              "client_type": 3
            }
          ]
        }
      }
    }
  ],
  "configuration_version": "1"
}
